Wallet	Block	TxHash
0xb3764761e297d6f121e79c32a65829cd1ddb4d32	4041169	0xff261a49c61861884d0509dac46ed67577a7d48cb73c2f51f149c0bf96b29660
0xb3764761e297d6f121e79c32a65829cd1ddb4d32	4043784	0x2e65274f2bcc729a1fe6c2b44138b1da3642fca19d6419054a13ed8fa3933c2d
0xb3764761e297d6f121e79c32a65829cd1ddb4d32	4043800	0x9dbf0326a03a2a3719c27be4fa69aacc9857fd231a8d9dcaede4bb083def75ec
0x9837cb670081ea411bfd26957f04a0da8663f994	4044968	0x14ccdfa5121b2e226896fc240dd1d18a9e87503838187ef7dcd507f033f3b1b1
0x13370ca2e8426a82bcfcce21c97817a243c521cf	4045009	0xe696e40f3608dafc8542985557a5e739da3a5c9c7178812d7443e52cc0b0a8b2
0x13370ca2e8426a82bcfcce21c97817a243c521cf	4045024	0x7a898de8f3d138e0fecb4832b96455f2a585247a67e596b08893fb5e4f236e91
0xc15f87b1fc2a932fd746c3f8526ed2f7e58db26f	4045097	0xf407ce47c971c7563af6d19fe7980abcc385f7d365e189453d25d1c6c6a372ea
0x3241971ec3ae953d8ea2294c6a824c9a35aa9825	4045114	0xbf7fda16d4e2336ff8f7c227210facc8950395c4bb89acf8ae2415a323dfc2d1
0x3241971ec3ae953d8ea2294c6a824c9a35aa9825	4045114	0x68585271074280ca6e496118e3f9f32646294a39bbcb4c86338bc9098cce3cbe
0x3241971ec3ae953d8ea2294c6a824c9a35aa9825	4045114	0x8ac221300d856c7c13df6c4bc167d1eb3a4142bf7b3693af386553f05e90cc67
0x3241971ec3ae953d8ea2294c6a824c9a35aa9825	4045114	0x39bb0c0487ea8a6620a3f06f067a66c12ec86160c5a75a190781ca590ba55989
0x3241971ec3ae953d8ea2294c6a824c9a35aa9825	4045114	0xdebb42e812c4f73b5da3d9d0f165493c9a9660a662960516e1aa9adb92118cdb
0x3241971ec3ae953d8ea2294c6a824c9a35aa9825	4045114	0xcbe21940a1f9fe2759a9d3f3c4887962009bc718413d4e3e58f2759a3d68c432
0x3241971ec3ae953d8ea2294c6a824c9a35aa9825	4045114	0x38b0e765e2482eaac44c242a0c9f752b7a8a24da59f994a75fcbf9b0b44d5c0c
0x3241971ec3ae953d8ea2294c6a824c9a35aa9825	4045114	0x6b9d4590420c3f147475b9f62bf438a2506f355cba58adc8b983d630a9ef2384
0x3241971ec3ae953d8ea2294c6a824c9a35aa9825	4045114	0xe3b38408d8afd34be1744018350dbbfdd57400f4f6743ca4bfdc0be1c88cbe77
0x3241971ec3ae953d8ea2294c6a824c9a35aa9825	4045114	0xdce54afe7c0791a2b06b62151ceb7345a35c68faf54c2d78ff3c0a1ebf52a9cc
0x3241971ec3ae953d8ea2294c6a824c9a35aa9825	4045114	0x31a7a25a501a94ff668b37d58f8d1070d12f95fc4fb5941dbb02a35dae9e2e18
0x3241971ec3ae953d8ea2294c6a824c9a35aa9825	4045114	0x44d67576aef42c3df9c702ed32a195e61006e66dd058fa968712d207c40bb33b
0x3241971ec3ae953d8ea2294c6a824c9a35aa9825	4045114	0xf025d068d3d906f375873116514f3f9d3feafe493c1c20368fc0bf0df3fa7efd
0x3241971ec3ae953d8ea2294c6a824c9a35aa9825	4045114	0x36b7c162ca95e82932b21fbf88d656355bf32f97f85ad3b664c8aa1e7e959532
0x3241971ec3ae953d8ea2294c6a824c9a35aa9825	4045115	0xd3ccf8e19a12d5d64bb77be755f3900e24dbc2cefce88125639d44f6e4a540fb
0x3241971ec3ae953d8ea2294c6a824c9a35aa9825	4045115	0x7ba34f7ebd04318823f4cf0efb9c030a62705a1dfb579f63afd5a0ecae405aae
0x3241971ec3ae953d8ea2294c6a824c9a35aa9825	4045115	0x78bcb44298b7ecdf44f6920fec3c6ef69f256ce8f52861196f838f47d2ad91a5
0x3241971ec3ae953d8ea2294c6a824c9a35aa9825	4045115	0x512ebe3ba9ccfffacc3e3349c519332bcaef8cc7ce220da0c155f0c280fd099f
0x3241971ec3ae953d8ea2294c6a824c9a35aa9825	4045115	0x8a3b6ddd4a3d1141bbf61376422b9868e24993c0327aa44fb79cdea9b598e6e9
0x3241971ec3ae953d8ea2294c6a824c9a35aa9825	4045115	0x0be745b8df7a45ddfcfb2e807eea379ec54d4b3d2f863ee197e4026e38fc1794
0x3241971ec3ae953d8ea2294c6a824c9a35aa9825	4045115	0x062b847d752133e17e27beab638c4c0967e861dc3f26acdcafe131d897fd92b8
0x3241971ec3ae953d8ea2294c6a824c9a35aa9825	4045115	0xcc51266cfeea7dacc32e76328b7b5cda2deb3e3518ae2ead086c5d37062de417
0x3241971ec3ae953d8ea2294c6a824c9a35aa9825	4045115	0x34c618030717abdae59fd319abeb02aa8727da58106e04a3e8e0907d201d2709
0x3241971ec3ae953d8ea2294c6a824c9a35aa9825	4045115	0xa26a81fb01372a5dcf737b7e3736be2efdf8f292abb9b19b37eae1bd25604acb
0x3241971ec3ae953d8ea2294c6a824c9a35aa9825	4045115	0x4613bd4fc130ccd000603b9a7dd2490a47dfe119bbfb68ee6105c470b3410937
0x3241971ec3ae953d8ea2294c6a824c9a35aa9825	4045115	0xddcbc185fdadaff89f37e280f4a0ad3480004194077ce07adf6190245a6f86ce
0x3241971ec3ae953d8ea2294c6a824c9a35aa9825	4045115	0x31926953dcf332b7a42aaad50cd9b622616dbdf99f8c5016af7c8ad928369d77
0x3241971ec3ae953d8ea2294c6a824c9a35aa9825	4045115	0x9dce927366a4a8fe2e90a9ebe7581deab224431d470df687ffb05e8d852d5dfb
0x3241971ec3ae953d8ea2294c6a824c9a35aa9825	4045115	0x5c2507dfdfc6dacd8533330410a8f9f6d841d64c511b73152685a921450636f9
0x3241971ec3ae953d8ea2294c6a824c9a35aa9825	4045115	0x414ddb3f6ebb94887fb515a719415114a4b31a8314f14d6d8640911fa83b2eb9
0x3241971ec3ae953d8ea2294c6a824c9a35aa9825	4045115	0x4bfb31edb06022e0f3aa61b8aed0a002e0c343562ba2261737483b61d161657d
0x07040f3ecf94c9a41b5674bd4e6f22ee7077b2df	4045222	0xecff18b2e3df9a635665854b126dd39020b6a37b6e54b8af48dc1f8f482e936d
0x07040f3ecf94c9a41b5674bd4e6f22ee7077b2df	4045272	0x5bedcd72b374316440357df855866c985e4a4adb9e117965ca04db710e2586d7
0x7d4e5dd3197934505e18f1021a770c60e1535ac7	4045373	0xe2752ab0bd84d59b8535e07d8e9ac57b1171554fb3890bd27a2d78b3d52d4349
0xdfb692d180cae04bb29b6cd9878ede2ec8e79f45	4045422	0x4698634f42b5d85f608b98f1e70d5bef369e6cb5f0cc781cb94787b2ef37574e
0xd989f5b2d02aada834630653aacf4c010c2b2660	4045502	0x5c6d39d465517249db728a115e0debfa47f84440e070b9caf10c7ddc5a0bf26c
0xd989f5b2d02aada834630653aacf4c010c2b2660	4045507	0x77b2a60629671b6d43257aee2d65880acd6c0ef6919880cb264f13cfe6783e59
0x7d4e5dd3197934505e18f1021a770c60e1535ac7	4045567	0x8fa5530e3fdb08c4073a2a0ef0b9c7251b57b1b814879a5d8faa3fe12f53c2e5
0xdfb692d180cae04bb29b6cd9878ede2ec8e79f45	4045594	0xd10f2f4d860cd47afe76973343b613c24695094620ec5c9a9ef5154d1ecac3aa
0x7ec74161ab8b8cb6d2c6ad317d9734a6056b8a52	4045594	0x81599e48fcd9c34f8c5d5110d2fef057f41099c32daf8bd8453c327b1a982c88
0x7d4e5dd3197934505e18f1021a770c60e1535ac7	4045604	0x99e8c8587b27c371f8774761323d6bdeb69acb593d07b1ede4a1ce3371696c02
0x07040f3ecf94c9a41b5674bd4e6f22ee7077b2df	4045610	0x95784249e349f2a751e9a04c7f65e63e9837657eeb982a6cce332d6be85dd367
0x7ec74161ab8b8cb6d2c6ad317d9734a6056b8a52	4045632	0xf27eff08078e49a9762e5fcaeefb56abfad5d5946011fbf6bd1bb659ba02bc86
0x002c3b196aabe0c4d6b56316e9cabd441a630242	4045645	0x1cc74dc00fd6e6f27beb28407214fd275eca73d05777698ee278cfced49db846
0x7ec74161ab8b8cb6d2c6ad317d9734a6056b8a52	4045650	0x071d7e9b6a6148b9ee61a36ee056f29459dc84b49dd347793b5c4a7f9016a423
0x10c9724fd5693d87f902d8bdeec3600e78c85733	4045668	0x7e52549137bab8aaa538310a86eeb1da6d5be7a1ab2b1660ba9ebd403eed8522
0xdfb692d180cae04bb29b6cd9878ede2ec8e79f45	4045673	0xa9d8c30222d83ef41c617593e84a06f659407bb4fa9564444b092eb524e1ea31
0x10c9724fd5693d87f902d8bdeec3600e78c85733	4045676	0xb393d7e22c2d78daed7f56d49e11001f4dcb1e42767befec5eb0e9f10306323b
0x7ec74161ab8b8cb6d2c6ad317d9734a6056b8a52	4045681	0xb49a9d6235c0bbaca46b7f62071abbf197945ed2baaf5bd557b7824965fa3553
0x0037a6b811ffeb6e072da21179d11b1406371c63	4045697	0x76d2d27d55fd342bd85405521db8de0ffaf92d9582d104c190771e49ae8f794b
0xdfb692d180cae04bb29b6cd9878ede2ec8e79f45	4045700	0x44dc822b842879851b848a107adae1a0fea1e8d4605618ce18f750b94a79199d
0xd989f5b2d02aada834630653aacf4c010c2b2660	4045711	0xc4bf18ae1255043de8e004e353dd29c576cc102cec500abaa66cd9b6db53732d
0xdfb692d180cae04bb29b6cd9878ede2ec8e79f45	4045734	0x8f85b78268b4e0fb012d70df92593d5ad5ded6d971e9ecd1567372aae02dc84b
0x07040f3ecf94c9a41b5674bd4e6f22ee7077b2df	4045744	0x1311c3f831c26c4c76833fbcd55fca261f9a90531c61cee2f75adfc1ac64cacb
0x10c9724fd5693d87f902d8bdeec3600e78c85733	4045750	0xbdccf523f201df3c0edc5c6ce4142dcb30d284ae1dce468b7eb4cacfdec8ebf5
0xd989f5b2d02aada834630653aacf4c010c2b2660	4045764	0x2830a0cd945f86b9b4f175a290bc1f836e4db20bf04a19000cb213e3d2d5b15d
0xdfb692d180cae04bb29b6cd9878ede2ec8e79f45	4045783	0x091963cb9262090e453788ebc925d95650c8f511ecfbf4890b17e8cd5cc22a71
0xdfb692d180cae04bb29b6cd9878ede2ec8e79f45	4045800	0xce71b181e14ff8794f2719a6872ceec4b57e5b2485cda8d23205b02139fc4f74
0x7ec74161ab8b8cb6d2c6ad317d9734a6056b8a52	4045807	0x0c44a29aa629b848b7da88e695e4281c90b0620f7893ee859e2ed8ff9575ab4c
0xc2a8d252df1cf31cbcf841c7d8445405a677a36f	4045810	0xc796c187c727f579199dc77fb520030b34a8eeec9ea9896ef75f807657550fe2
0xc2a8d252df1cf31cbcf841c7d8445405a677a36f	4045829	0x665eb8f7670ceccdeaf9e94a1be34f60f4e0e4982190dde8dc0c53bbc483d37c
0x4471974679e4c956f379bd6761b62e65c169a83a	4045833	0x6cd3014b5bdfb93087ebf1f2cb9b6f4ac2f2cec4ff7c235df50b98d7f7b57c71
0x016e80da3857de72fb1814a414121772480db8c9	4045862	0x032d632d404c23e8e3e7c7a963544c2e650759c7aef95547d6f00573ccf29acd
0x016e80da3857de72fb1814a414121772480db8c9	4045877	0x24c306f71f4ec1a868d57bf85f8df654fe66cb3b3725b3b71c630c4c14029e85
0xdfb692d180cae04bb29b6cd9878ede2ec8e79f45	4045895	0xd5eedceb349babbae075ee13902c668aa08c4a668804dcd06e382a90c4ee3243
0x00c8d8201c5686e355bf5957902938bfc7c61376	4045895	0x44a952e182476fa6cc19c8f872f52884dff94bc17b535cf13be351a18708238b
0x00c8d8201c5686e355bf5957902938bfc7c61376	4045914	0x9cb855cb41021f9bdce25b7af7c98ff041614050c4e221844aec03882f5e40de
0x00c8d8201c5686e355bf5957902938bfc7c61376	4045923	0x78586a0b77bd279700aefc473f5e7e7ba6f8d64a3713ab4bac8aae76b834d46b
0x7ec74161ab8b8cb6d2c6ad317d9734a6056b8a52	4045924	0xdcd1a4c6f53ccac33f5361b5270eee2209f1ff4329e1b6d886c5c2a90a0bc310
0xc2a8d252df1cf31cbcf841c7d8445405a677a36f	4045935	0xc6f6ab1564d93433fbdb87eef670fb761cf67c1d098012eb8d2de91ccdbdd610
0x00c8d8201c5686e355bf5957902938bfc7c61376	4045941	0x481c8447fe1c1795c866860aca04b0bb89b67bd24c3f80d76a48b7ad8778b644
0x00c8d8201c5686e355bf5957902938bfc7c61376	4045944	0xde5df790b5bbe10f4d91c8e4d8328c27a28a1fe9039f05aef009d91c48284681
0xdfb692d180cae04bb29b6cd9878ede2ec8e79f45	4045953	0x04a0cedb2c870a01dbd4237efa6339cf0718d0818f4eceb50397f8215e191adb
0x00c8d8201c5686e355bf5957902938bfc7c61376	4046022	0x5e13e75d968137ffaba4a30e797e1c91c1a5738a575c05903c7c72c22d14c824
0x00c79e4d5599e748252cc17eab1e1d94fc4f57bf	4046063	0x2237aa852fded44d6fe5fe05448fc8e88d530b063be6cf822782f63af37b5a0b
0x00c79e4d5599e748252cc17eab1e1d94fc4f57bf	4046070	0x44543196278c40fc2f4b1f17c7f7520b5ee698f5b8f99271e2a714ce2fce45b1
0x00c79e4d5599e748252cc17eab1e1d94fc4f57bf	4046119	0xb92af7957c57003a75ca817e60976bc37a5e20dd2b1174b64993d5a01094cd65
0xda78f75fe54587bd3ce749345459b3de27110369	4046163	0xe971e4f2a601de9b57434e320ce91db5ca08e8790b97758224807661f307071f
0x35ec328b4a0bb5b370b5bbb112b0891d4688a77f	4046681	0xb4dea8a36e3e7cb96a88bea6935c5c18f4d45e7147f05d1cb6a9bb60fc9cf00f
0x297d64eaa76b6bcb44ded3ef4d24ae103faf8110	4046734	0xcc404b52552c5d72c17f54254972db3891a0d3c0debcf30800fd23fd28473119
0x13370ca2e8426a82bcfcce21c97817a243c521cf	4046770	0x3431cf6a0ab1b00ac994ae459a5f2860b9d7d46d3f5106a25e8db6b9be6e2f57
0x297d64eaa76b6bcb44ded3ef4d24ae103faf8110	4046803	0xc9fbbdd1ff19c855f70c3a5448bec23fe90c4fb3d18fdad3d03fbf3d2d67957e
0x13370ca2e8426a82bcfcce21c97817a243c521cf	4046890	0xaa1317497378b41ab63376464dafede49c9d53ac8567eec4c873e450c276bb64
0x01b2fe63093b193484ae67b67d5c46ca43e7c5ef	4046899	0xc13e4ef091dce19a8e9a0059d5155b5e74289c2eaa492a94f0a00b38f77be326
0x13370ca2e8426a82bcfcce21c97817a243c521cf	4046899	0xd211c11323c1898ea6bbe860d3201054e006a7723381dd79ddd39425b7f459f4
0x1e3f49b5814cfee970d826623da2b98acd87df89	4047521	0x2170952a0c173fbeec8cce2bf2d997e19e9e107fac98301abd5ed9c60099664f
0x1e3f49b5814cfee970d826623da2b98acd87df89	4047554	0xafff9f0c739b2a05dee5ec4ccfc679cb85b6dab0d30815ba1095419151d47a1e
0x1e3f49b5814cfee970d826623da2b98acd87df89	4047571	0x9cae0d0c7a1e805863b3e2a3caeb338f04a139c0e38807179941621a54f045e1
0x1e3f49b5814cfee970d826623da2b98acd87df89	4047577	0xe769e43bbea9e2b8a2db72f62b2ee7b2149b51cb1520cc74fdaab075899c7d1f
0x1e3f49b5814cfee970d826623da2b98acd87df89	4047577	0xdeb5b899ef43b46e45f85bb505c677f662205ce95141a07c9965c45500705ce9
0x1e3f49b5814cfee970d826623da2b98acd87df89	4047577	0x1b009e7b1eb8b672fa956fbbcae7898e913980fb6ac5d0caf08e1869d1b00849
0x0026f5f2592a445a30c60dda62eda79eea26e943	4047585	0xccfce1dd567abbb6fe29b90bd40b69c866780f6f86c3e5766fe0599a22eee22c
0x1e3f49b5814cfee970d826623da2b98acd87df89	4047605	0x32332325a27d0f52c4ba1daecb0ade9fb3aa72e271ebbaa721a5a83ea07c23c0
0x1e3f49b5814cfee970d826623da2b98acd87df89	4047605	0x97183c71304135301f9dc10f8744d129436d3b657dc1de281682bb0f3af9a86e
0x1e3f49b5814cfee970d826623da2b98acd87df89	4047605	0x5c6adf34dc38f6c7668b097cfe62d5327e869aa79d3823bc658b501f3dcd4258
0x1e3f49b5814cfee970d826623da2b98acd87df89	4047605	0x3136685291a80b2b12eb3c9209e52653cbfe2ca6e4fbc5b120e7cd6c3da932bc
0x1e3f49b5814cfee970d826623da2b98acd87df89	4047605	0xe201523b7726beb7587d6ab55eadbb371c54ef061342a879e8318f42cc120a72
0x1e3f49b5814cfee970d826623da2b98acd87df89	4047615	0x51190de32d3562ad2d96171fac219818731c7dd78f4cda24af4a8835807067b0
0x1e3f49b5814cfee970d826623da2b98acd87df89	4047667	0xcc1662f82f11bd4e211a11afe091fdfb0ad6e976369733bdc890d883bb37840b
0x1e3f49b5814cfee970d826623da2b98acd87df89	4047696	0xfde690d2956bdba9270110378bc990545d1feb96875ce42ddbdb89bf6fcd1dd4
0x1e3f49b5814cfee970d826623da2b98acd87df89	4047696	0xc6eb40f014ee165834b6ae4a265933736bc844c5f9e97fd2b5f085cb2df32889
0x0013a3ebef5f1e359d4173e6d3537063e928c7ca	4047895	0x199a42dcbdeab75766a7e4c3626628efd4e12830d7df838b721e91206964da81
0xf610752dd164f8e9b5ab6edf48aeb84224c0e4a9	4048101	0x5764ff878e89350f2ad54246df3e1a3bd1e1b64ff0c0af2be97c0c34cb2fee30
0x35ec328b4a0bb5b370b5bbb112b0891d4688a77f	4048274	0x2a64ea7ed43b4ee5c50f13d44bdcc408ef2def54c611564c71b02255fa3abafa
0xf8b881f176b8284d56a83ac192b929e612041423	4048277	0xcddd1fa643df7ae9042eefe82e1390df5e876a186b95c126b03977c29b82b305
0x7ec74161ab8b8cb6d2c6ad317d9734a6056b8a52	4048280	0xb866a5131ac0507e394c66fefbd99a0fe0782fca63e54f16506f9ad3c1305ae5
0x3090b4d6858c3b4110b3df47928641890bea127d	4048534	0x94fb183de6e169f70b84c3f7ca5e306815ab8dbb3bdf8f045d62fc7efda69b2c
0x32ef5500201277501f98a05ab3457ef6e5d20cdc	4048541	0x9d53e3de0226dc7ecf6eaabf141e0e9e35cd1d8a8bab82389445e7493a3ed080
0x32ef5500201277501f98a05ab3457ef6e5d20cdc	4048547	0x60c28fcf843a8de178179f2e0f79dcf58fdae8a5aaac23565a2ab9c40880c150
0x3090b4d6858c3b4110b3df47928641890bea127d	4048550	0xc7dc0f628f87c1b93786378f2a7b3c0345d4a37934cc34ccf0227a5a072c3416
0x32ef5500201277501f98a05ab3457ef6e5d20cdc	4048557	0xbe5a0f03ca322fe789f91fc866ec1fdcc35c12dc501a846afede4d9c58ce6ef8
0x32ef5500201277501f98a05ab3457ef6e5d20cdc	4048559	0x1dfffb80e286f31e72299c63ec99943a1cacdd55c398450971fc8181e767208a
0x108ee2c83f82954842504f0622710baaa46bd14f	4048571	0x82f1596d31c2c13d6131eeed3c48e93a7322533f192cece47a1fefd8a4002017
0x32ef5500201277501f98a05ab3457ef6e5d20cdc	4048585	0xc1416ff330085fa723cd37d4cc6c38800e76b7c6e3fac789be5054e859f087a4
0x32ef5500201277501f98a05ab3457ef6e5d20cdc	4048588	0x7925a04972b86d83b919da7c974eaa304aa578ed71dbdc854343b685668fd3f7
0x108ee2c83f82954842504f0622710baaa46bd14f	4048610	0x34d8a5a46e9e07bdfb655a3abad035edfb847c4fd4d4b0269204b0ef54d0a0be
0x108ee2c83f82954842504f0622710baaa46bd14f	4048652	0x1b1db16d802a96a9512d477144a927fb282ac8ce042cf9609b05b15bc512e83d
0x78482281699b48dd34a2d521d1fe1e6e22e25314	4048829	0xc2cc6672ed6369a614e1f1ee4bf1b70c5ffc243c55982771f3f5736102a95a89
0x108ee2c83f82954842504f0622710baaa46bd14f	4048838	0x78968aa3232d197e14dcf44ef1ad83165ef5e4cd92f3a8e10c2ee887354c5e5e
0x108ee2c83f82954842504f0622710baaa46bd14f	4048841	0x89a6c4e7eb44b70b8f388938fd5dfe32457688f5305bd5bc5a08e2334927a3c3
0x108ee2c83f82954842504f0622710baaa46bd14f	4048852	0x0a8f4bd4143bae2d34d6809b1cb354eb32d2aa279e7f78cd64fa01aedeea1716
0x108ee2c83f82954842504f0622710baaa46bd14f	4048867	0xeaa8b964ea51ff8af4c7b5eff06955d28c8603915b73bc0f9b34b9a928a3a5ed
0x108ee2c83f82954842504f0622710baaa46bd14f	4048905	0xac5faea9a61484a04eea9a0d6a672d242e3433bcfc0c22767389e00e0f83a897
0x0af41a9ffa6a1477b846f557fad9b47ad4b1fd35	4048909	0x3b4371f52aa7ad38ec1e010156e1e906e633834ef1c26441186010bc0fb83234
0x108ee2c83f82954842504f0622710baaa46bd14f	4048910	0x2a750ab4546f93ae548ec658b9725cae0810980586b50fd5caa102b758c66c53
0x108ee2c83f82954842504f0622710baaa46bd14f	4048920	0x5348e64a23320b39472171a580066f6d3f4746397e8783bcb7f7db0dafde0781
0x108ee2c83f82954842504f0622710baaa46bd14f	4048932	0x44b2d210c342ae5eb1e07c53a5738b8cb24d3b3fe69d934fa2b1c16e28faa91f
0x108ee2c83f82954842504f0622710baaa46bd14f	4048939	0x9f8e783cb2a87d5d65e058a6007b218e6293da1bee548ce416086731b4075e13
0x0af41a9ffa6a1477b846f557fad9b47ad4b1fd35	4048966	0x02275b3e8b18cee875c014c81d376b11ca248681120b6c7d79a1be28a294cedc
0x108ee2c83f82954842504f0622710baaa46bd14f	4049002	0x250700f253a2b1a0eca4802546706f375dc59245a6b643e0418b423758e256e2
0x108ee2c83f82954842504f0622710baaa46bd14f	4049039	0x8b2879531dd10862cc64c6f5203258446a41536e010d0d22fcc783efe950031d
0x108ee2c83f82954842504f0622710baaa46bd14f	4049118	0x7311715ef58c676004f09e45e84cd4e3bfc280a8cf2d2c4596f70227554a3d7a
0x32ef5500201277501f98a05ab3457ef6e5d20cdc	4050432	0x06e4b521fe46ce52ec87ea44dab6eb4300695a3170a62a24e4f7c0ff8da2e35a
0x32ef5500201277501f98a05ab3457ef6e5d20cdc	4050441	0x98b1cc374175ec4c84527f7445c10339cbb727907a0e1ef2d4750bc7736f35c2
0xb69a08908cfcb4d8524808fe5877da2d1b831864	4052262	0x05315e18d0979bff4ed9d3054dcecda16d9433a338f26bf5e6ec3675d5c84d16
0xb69a08908cfcb4d8524808fe5877da2d1b831864	4052284	0x3a2044d81e48f85aff8d1c60beac61abadc14e345ebdf869671d809406fa2dc8
0x32ef5500201277501f98a05ab3457ef6e5d20cdc	4052351	0x4800f2a150ba9dd8ad09a30309a25fce7b5d24eff654cda5a0e0b07bc1b26f61
0x32ef5500201277501f98a05ab3457ef6e5d20cdc	4052398	0x244f9aa125d6f100432298b5d8075ae2fb4582f80cbbacedac071d275b909a64
0x32ef5500201277501f98a05ab3457ef6e5d20cdc	4052863	0xb948de6e58f427310ae6afa9a1d55217e5d4cf5a86be9480d05fbf632c2d0b91
0x32ef5500201277501f98a05ab3457ef6e5d20cdc	4052908	0x436b2e64c2e097df04261877aa585abd53f382885ac434033c35871a73de0129
0x32ef5500201277501f98a05ab3457ef6e5d20cdc	4052967	0x75e756df89470c3b1e96b18caf2dbc84f4746d90b4c05a304c961dc806622050
0xe41d1bb900420c89f8f57b4e71a8471f6e9c2d3c	4053031	0x6f5463b2c262f932d8ad253467bccfa7466427c37586ee6a7f4944fa78d7c6c8
0x97f59cc5814d1ac543a71a85c743c1c9e96d9ea1	4054590	0x9e4185a359c146edc827fff9fa82b3a0e42d54c81aa0ea89cbc44d030c886a0b
0xf8a9025459ea695802ec039e5226e8e3784257c4	4054986	0x9aa95752502711e01d8890fd9055a4e6b67d68e39620e4040cfba8f74992d5df
0xf8a9025459ea695802ec039e5226e8e3784257c4	4055209	0xeb81c1639808d020b6cded9c7c6c8de8a5d76e4e8b55297696e70905ce1c1c5b
0x0041c86f4545eb741d89058a8af55d5cbadd17e5	4055354	0x92c7b46af0a707b8ed38024719efefcafe81528b112f86196ab763530b2a1c68
0x0041c86f4545eb741d89058a8af55d5cbadd17e5	4055373	0xf914ecbaac8ee55282c03d7c600e8c0fc3edf384445e45976c2a270b24a4b40e
0xffbea6bafa5d8649da351c93b3c37c71620f540b	4055430	0xfe1a382aab2d330a690f51600fb2c1a91e8412ace2e4e92eb4bdf5a0ad132877
0xffbea6bafa5d8649da351c93b3c37c71620f540b	4055647	0x8cd6b329483075541d71d4687e5ce541a3b64c83eb0f5450ec17320bb631e2dc
0x75d27075d8d9aa87e54f05a07a52c5a117436cc7	4055948	0x1fef6bd122f2743d08b829f5cca96d7200b9191dee41c3905f2d8efd96e330c5
0x6cb3ee359ccd05c4a6f598209517decc7e5d5f14	4056017	0xbba5fb796789017ff19d681cfbb660fdc2046eb93b404ee2df4a0746cc0496d3
0xffbea6bafa5d8649da351c93b3c37c71620f540b	4056770	0x1e452840b52bf925d8ec1a1e5ad32894309e642a9b73ffa10f65bdb535b69cc2
0x108ee2c83f82954842504f0622710baaa46bd14f	4057270	0x8e54934463a113a7acf74b22e562f51663f9e354298e79abb8806878877bb141
0x108ee2c83f82954842504f0622710baaa46bd14f	4057314	0xbd2698ae97cbdc9a054e49974916f126ec88e91fae5211ca68063d80442ab665
0x108ee2c83f82954842504f0622710baaa46bd14f	4057363	0xd9f3d4e32cf9e4423ed7b94e72bed78d2403000c0edffb0d8cc66556c8fb98e1
